Fuar Adı,Başlangıç,Bitiş,Şehir,Sektör,Düzenleyici,Web,Katılımcı Listesi
"Cfe 2026 - Carpet And Flooring Expo -  Halı, Kilim, Zemin Kaplamaları Ve Teknolojileri Fuarı",2026-01-06,2026-01-09,İstanbul,İş Makineleri & İnşaat,Tüyap Tüm Fuarcılık Yapım Anonim Şirketi,https://www.tuyap.com.tr,
"Horeca Fair 7. Uluslararası Otel, Restoran, Kafe, Fırın Ekipmanları, Unlu Mamuller, Dondurma, Pastacılık Teknolojileri Ve Ev Dışı Tüketim Fuarı",2026-01-07,2026-01-10,İzmir,Turizm & Otelcilik,Gl Platform Fuar Hizmetleri Limited Şirketi,https://www.glplatformfuar.com,
"Pack&Plast Fair Türkiye 4.Uluslararası Ambalajlama, Paketleme Plastik Endüstri Teknolojileri Fuarı",2026-01-07,2026-01-10,İzmir,Endüstri & Otomasyon,Gl Platform Fuar Hizmetleri Limited Şirketi,https://www.glplatformfuar.com,
"Pet İzmir 2026 9. Uluslararası Evcil Hayvan Ürün, Malzeme Ve Aksesuar Tedarikçileri Fuarı",2026-01-08,2026-01-11,İzmir,Genel / Diğer,Tema Fuarcılık Anonim Şirketi,https://www.temafair.com,
"Karavanist İstanbul 6. Karavan Ve  Ekipmanları, Tiny House, Outdoor Ve Kamp Malzemeleri Fuarı",2026-01-10,2026-01-18,İstanbul,Otomotiv,Tüyap Tüm Fuarcılık Yapım Anonim Şirketi,https://www.tuyap.com.tr,
Çukurova 18. Kitap Fuarı,2026-01-10,2026-01-18,Adana,Eğitim,"1) Tüyap Tüm Fuarcılık Yapım Anonim Şirketi
2) Çukurova Fuarcılık A.Ş.",https://www.tuyap.com.tr,
Anfaş Food Product - 32. Uluslararası Gıda  Ve İçecek İhtisas Fuarı,2026-01-13,2026-01-16,Antalya,Gıda & Tarım,Anfaş Antalya Fuarcılık İşletme Ve Yatırım Anonim Şirketi,https://www.anfas.com,
Anfaş Hotel Equıpment - 36. Uluslararası Konaklama Ve Ağırlama Ekipmanları İhtisas  Fuarı,2026-01-13,2026-01-16,Antalya,Endüstri & Otomasyon,Anfaş Antalya Fuarcılık İşletme Ve Yatırım Anonim Şirketi,https://www.anfas.com.tr,
"21. Ege Tarım, Sera Ve Hayvancılık Fuarı",2026-01-14,2026-01-18,Denizli,Endüstri & Otomasyon,Orion Fuarcılık Ve Tanıtım Hizmetleri Anonim Şirketi,https://www.denizlitarimfuari.com,
"Atrax'26 - 13. Uluslararası Eğlence, Park, Spor  Ve Rekreasyon Alanları Endüstrisi Fuarı",2026-01-15,2026-01-17,İstanbul,Endüstri & Otomasyon,Tureks Uluslararası Fuarcılık Anonim Şirketi,https://www.tureksfuar.com.tr,
"3. Alanya Ev Dışı Tüketim Ürünleri, Gıda Ve İçecek Fuarı",2026-01-20,2026-01-22,Antalya,Gıda & Tarım,Başak Fuar Hizmetleri Limited Şirketi,https://www.basakfuar.com,
"3. Alanya Otel, Restaurant, Kafe Ekipmanları Fuarı",2026-01-20,2026-01-22,Antalya,Mobilya & İç Mekan,Başak Fuar Hizmetleri Limited Şirketi,https://www.basakfuar.com,
"If Wedding Fashion İzmir 19. Gelinlik, Damatlık Ve Abiye Giyim Fuarı",2026-01-20,2026-01-22,İzmir,Tekstil & Moda,İzfaş İzmir Fuarcılık Hizmetleri Kültür Ve Sanat İşleri Ticaret Anonim Şirketi,https://www.izfas.com.tr,
"Junıoshow Bursa 21.Uluslararası Bebe, Çocuk Hazır Giyim Ve Çocuk İhtiyaçları Fuarı",2026-01-20,2026-01-22,Bursa,Genel / Diğer,Kfa Fuarcılık Anonim Şirketi,https://www.kfa.com.tr,
Game Expo  - Antalya,2026-01-22,2026-01-25,Antalya,Endüstri & Otomasyon,Geoexpo Fuar Ve Medya Limited Şirketi,https://gameexpo.com.tr,
Uluslararası İstanbul Mobilya Fuarı,2026-01-27,2026-01-31,İstanbul,Mobilya & İç Mekan,"1) Tüyap Tüm Fuarcılık Yapım Anonim Şirketi
2) Mos Fuarcılık Anonim Şirketi",https://www.tuyap.com.tr,
21. Agroexpo Uluslararası Tarım Ve Hayvancılık Fuarı,2026-02-03,2026-02-07,İzmir,Gıda & Tarım,Orion Fuarcılık Ve Tanıtım Hizmetleri Anonim Şirketi,https://www.agroexpo.com.tr,
Ifco İstanbul Fashion Connection Hazır Giyim Ve Moda Fuarı,2026-02-04,2026-02-07,İstanbul,Tekstil & Moda,İtkib Fuarcılık Anonim Şirketi,https://www.ifco.com.tr,
Ankara 5. Kamp Karavan Ve Doğa Sporları Fuarı,2026-02-05,2026-02-08,Ankara,Otomotiv,Zümrüt Fuarcılık Tan. Org. San. Ve Tic. Ltd. Şti.,https://www.zumrutfuarcilik.com.tr,
Emıtt 2026 - 29. Doğu Akdeniz Uluslararası Turizm Ve Seyahat Fuarı,2026-02-05,2026-02-07,İstanbul,Sağlık & Medikal,Ica Fuarcılık Anonim Şirketi,https://www.emittistanbul.com,
Şanlıurfa Gıda Yöresel Ürünler Hediyelik Eşya Ve El Sanatları Fuarı,2026-02-06,2026-02-15,Şanlıurfa,Gıda & Tarım,Medyatrend Fuarcılık Sanayi Ve Ticaret Limited Şirketi,https://www.medyatrend.com.tr,
Caravan Life Expo Iı. Eskişehir Kamp Karavan Ve Doğa Sporları Fuarı,2026-02-11,2026-02-15,Eskişehir,Genel / Diğer,Anadolu Ekspo Fuar Ticaret Limited Şirketi,https://www.anadoluexpo.com,
"Gaziantep Penye, Tekstil, Hazır Giyim, Aksesuarları, Kumaş Ve Yan Sanayileri Fuarı",2026-02-11,2026-02-14,Gaziantep,Mobilya & İç Mekan,Gsomem Gaziantep Sanayı Odası Mesleki Eğitim Danışmanlık Hizmetleri Anonim Şirketi,https://www.gsomem.com.tr,
"Marbleist 2026 - İstanbul Mermer, Doğaltaş, Blok Mermer Ve Üretim Teknolojileri Fuarı",2026-02-11,2026-02-14,İstanbul,Bilişim & Teknoloji,Tüyap Tüm Fuarcılık Yapım Anonim Şirketi,https://www.tuyap.com.tr,
Aydın Uluslararası Tarım Gıda Ve Hayvancılık Fuarı,2026-02-12,2026-02-15,Aydın,Endüstri & Otomasyon,Mnp Fuarcılık Tanıtım Ve Organizasyon Limited Şirketi,https://www.mnpfuar.com,
Kayseri Tarım Fuarı  Tarım Hayvancılık Gıda Fuarı Ve Turk Dunyası Akraba Toplulukları Tarım Fuarı,2026-02-12,2026-02-15,Kayseri,Gıda & Tarım,Atlas Uluslararası Fuarcılık Reklam Ve Organizasyon Limited Şirketi,https://www.kayseritarimfuari.com.tr,
Studyexpo Yurtdışı Eğitim Fuarı,2026-02-14,2026-02-14,İstanbul,Eğitim,Study Expo Fuarcılık A.Ş.,https://www.studyexpo.com,
Trend Ev Fuarı,2026-02-15,2026-02-18,Antalya,Mobilya & İç Mekan,Partner Fuarcılık Limited Şirketi,https://www.partnerfuar.com,
Bosphorus Boat Show,2026-02-21,2026-02-28,İstanbul,Genel / Diğer,Yated Fuarcılık Anonim Şirketi,https://www.yated.org.tr,
Qs Discover Masters Fuarı,2026-02-28,2026-02-28,İstanbul,Eğitim,Study Expo Fuarcılık A.Ş.,https://www.qs.topuniversities.com/tr/events/masters/istanbul,
İngiltere Eğitim Günleri Fuarı,2026-02-28,2026-02-28,Ankara,Eğitim,Edukas Yurtdışı Eğitim Danışmanlık Ticaret Limited Şirketi,https://www.educationukdays.com,
"Tüyap  Banyo, Seramik,  Mutfak Fuarı",2026-03-02,2026-03-06,İstanbul,Mobilya & İç Mekan,Tüyap Tüm Fuarcılık Yapım Anonim Şirketi,https://www.tuyap.com.tr,
İngiltere Eğitim Günleri Fuarı,2026-03-03,2026-03-03,İzmir,Eğitim,Edukas Yurtdışı Eğitim Danışmanlık Ticaret Limited Şirketi,https://www.educationukdays.com,
"Texhibition İstanbul Kumaş, Denim, Tekstil Aksesuarları Ve İplik Fuarı",2026-03-04,2026-03-06,İstanbul,Tekstil & Moda,İtkib Fuarcılık Anonim Şirketi,https://wwwtexhibitionist.com,
Akare Yurtdışı Eğitim Fuarları,2026-03-07,2026-03-08,İstanbul,Eğitim,Akare Fuarcılık Anonim Şirketi,https://www.akare.com.tr,
"Farmers' Fair - Güney Ege 17. Gıda, Tarım Ve Hayvancılık Fuarı",2026-03-12,2026-03-15,Muğla,Endüstri & Otomasyon,Expoline Fuarcılık Ticaret Limited Şirketi,https://www.expolinefuar.com,
Ieft Yurt Dışı Eğitim Fuar Ve Seminerleri,2026-03-24,2026-03-24,Ankara,Eğitim,İstanbul Eğitim Fuarları Ve Tanıtım Limited Şirketi,https://www.ieft.net,
Artankara 12.Uluslararası Çağdaş  Sanat Fuarı,2026-03-25,2026-03-29,Ankara,Genel / Diğer,Atis Fuarcılık Anonim Şirketi,https://www.artfairankara.com,
Aymod Uluslararası Ayakkabı Moda Fuarı,2026-03-25,2026-03-28,İstanbul,Tekstil & Moda,Tasd Fuarcılık A.Ş.,https://www.aymod.com,
Vef Yurt Dışı Eğitim Fuarı,2026-03-25,2026-03-25,İzmir,Eğitim,Endless Grup Eğitim Bilişim Anonim Şirketi,https://www.endlessg.com,
22. Uluslararası  İstanbul İplik Fuarı 2026,2026-03-26,2026-03-28,İstanbul,Yapı Malzemeleri,Tüyap Tüm Fuarcılık Yapım Anonim Şirketi,https://www.tuyap.com.tr,
3.Oyfest Oyuncak Ve Çocuk Gereçleri Fuarı,2026-03-26,2026-03-28,Antalya,Otomotiv,Oyfest Fuarcılık Ve Organizasyon Limited Şirketi,https://oyfest.com.tr,
"Bodrum Otel, Kafe, Restaurant Ekipmanları, Ev Dışı Tüketim Ürünleri, Gıda Ve İçecek Fuarı",2026-03-26,2026-03-28,Muğla,Gıda & Tarım,Başak Fuar Hizmetleri Limited Şirketi,https://www.basakfuar.com,
"Güzellik&Bakım 2026 - 38. Güzellik Ve Bakım, Profesyonel Kozmetik Ve Saç, Spa & Wellness Ürün Ve Ekipmanları Fuarı",2026-03-26,2026-03-29,İstanbul,Kozmetik & Güzellik,Tg Ekspo Uluslararası Fuarcılık Anonim Şirketi,https://www.tgexpo.com,
Replast Eurasia -    3. Plastik Ve Elyaf Geri Dönüşüm Teknolojileri Ve Ham Maddeleri Fuarı,2026-03-26,2026-03-28,İstanbul,Enerji & Çevre,Tüyap Tüm Fuarcılık Yapım Anonim Şirketi,https://www.tuyap.com.tr,
"Optic World İzmir 3. Optik, Gözlük, Oftalmoloji Ve Teknolojileri Fuarı",2026-03-27,2026-03-29,İzmir,Endüstri & Otomasyon,İzfaş İzmir Fuarcılık Hizmetleri Kültür Ve Sanat İşleri Ticaret Anonim Şirketi,https://www.izfas.com.tr,
"İstanbul Kırtasiye - Ofis Fuarı      10. Uluslararası Okul, Kırtasiye, Kağıt, Ofis Malzemeleri Fuarı  - Oyuncak Özel Bölümü",2026-04-01,2026-04-04,İstanbul,Genel / Diğer,Tüyap Tüm Fuarcılık Yapım Anonim Şirketi,https://www.tuyap.com.tr,
"Ijs - İstanbul Jewelry Show 59. İstanbul Uluslararası Mücevher, Altın, Gümüş, Değerli Taş Ve Teknolojileri Fuarı",2026-04-01,2026-04-04,İstanbul,Mobilya & İç Mekan,Informa Fuarcılık Anonim Şirketi,https://www.istanbuljewelryshow.com,
Host İstanbul 18. Uluslararası Türkiye Ev Ve Mutfak Eşyası Üreticileri Fuarı,2026-04-01,2026-04-04,İstanbul,Mobilya & İç Mekan,Informa Fuarcılık Anonim Şirketi,https://www.hostistanbulfair.com,
"Hardware Eurasia&Fastener Expo Eurasia - Avrasya Uluslararası  Hırdavat, Endüstriyel  Bağlantı Ve Sabitleme Elemanları  Fuarı",2026-04-01,2026-04-04,İstanbul,Endüstri & Otomasyon,Reed Tüyap Fuarcılık Anonim Şirketi,https://www.tuyap.com.tr,
"Gaptarım 16. Tarım,Tarım Teknolojileri Ve Hayvancılık Fuarı",2026-04-01,2026-04-04,Gaziantep,Gıda & Tarım,Akort Tanıtım Organizasyon Ve Fuarcılık Limited Şirketi,https://www.akort.com,
"Heritage İstanbul 2026 - 9. Restorasyon, Arkeoloji, Müzecilik Ve Kütüphanecilik Teknolojileri Fuarı Ve  Konferansı",2026-04-01,2026-04-04,İstanbul,Bilişim & Teknoloji,Tg Ekspo Uluslararası Fuarcılık Anonim Şirketi,https://www.tgexpo.com,
Yacht Life Boat Show,2026-04-04,2026-04-12,Antalya,Otomotiv,Kuzey 2009 Medya İnşaat Turizm Oto Kiralama Ticaret Limited Şirketi,https://www.yachtlifeboatshow.com,
"Konya Tarım 2026 - 22. Tarım, Tarımsal Mekanizasyon Ve Tarla Teknolojileri Fuarı",2026-04-07,2026-04-11,Konya,Gıda & Tarım,Tüyap Konya Fuarcılık Anonim Şirketi,https://www.tuyap.com.tr,
Lesexpo Yük Mühendisliği Hizmetleri Fuarı,2026-04-07,2026-04-09,İstanbul,İş Makineleri & İnşaat,Kfa Fuarcılık Anonim Şirketi,https://www.kfa.com.tr,
"Kauçuk Avrasya     12. Kauçuk Teknolojileri, Kauçuk Ürünler Ve Hammaddeleri Fuarı",2026-04-08,2026-04-11,İstanbul,Bilişim & Teknoloji,Tüyap Tüm Fuarcılık Yapım Anonim Şirketi,https://www.tuyap.com.tr,
18. Uluslararası Solarex İstanbul Güneş Enerjisi Teknolojileri Ve Enerji Depolama Fuarı,2026-04-08,2026-04-10,İstanbul,Enerji & Çevre,Voli Fuar Hizmetleri Anonim Şirketi,https://www.solarexistanbul.com,
"Anamak  Anadolu Ağaç İşleme Makineleri, Kesici Takımlar, El Aletleri",2026-04-08,2026-04-11,Kayseri,Bilişim & Teknoloji,Nobel Expo Uluslararası Fuarcılık Anonim Şirketi,https://www.nobelanamak.com,
"Maden Türkiye Uluslararası Madencilik, Tünel İnşaa, Makine Ekipmanları Ve İş Makineleri Fuarı",2026-04-08,2026-04-11,İstanbul,Endüstri & Otomasyon,Tüyap Tüm Fuarcılık Yapım Anonim Şirketi,https://www.tuyap.com.tr,
Camp&Nature  Kamp Karavan  Avcılık Ve Doğa Sporları Fuarı,2026-04-09,2026-04-12,Antalya,Otomotiv,Geoexpo Fuar Ve Medya Limited Şirketi,https://geoexpo.tr,
Bursa 23. Kitap Fuarı,2026-04-11,2026-04-19,Bursa,Eğitim,Tüyap Bursa Fuarcılık Anonim Şirketi,https://www.tuyapbursa.com.tr,
"İnterfresh Eurasia / Interfood Eurasia Meyve,Sebze,Gıda,Gıda Ürünleri ,Gıda Teknolojileri Ambalaj,Tarım Teknolojileri,Depolama Ve   Lojistik Fuarı",2026-04-13,2026-04-15,Antalya,Gıda & Tarım,Antexpo Fuarcılık Hizmetleri Anonim Şirketi,https://www.euroasiainterfresh.com,
(Modef 2025) 54.Uluslararası Mobilya Ve Dekorasyon Fuarı,2026-04-14,2026-04-18,Bursa,Mobilya & İç Mekan,Modef Fuarcılık Ticaret Limited Şirketi,https://www.modef.com.tr,
"Marble ""31. Uluslararası Doğal Taş Ve Teknolojileri Fuarı""",2026-04-14,2026-04-17,İzmir,Bilişim & Teknoloji,İzfaş İzmir Fuarcılık Hizmetleri Kültür Ve Sanat İşleri Ticaret Anonim Şirketi,https://www.izfas.com.tr,
İstanbul Kırtasiye Ofis Fuarı,2026-04-15,2026-04-18,İstanbul,Genel / Diğer,24Saat Fuarcılık Anonim Şirketi,https://www.24saatfuarcilik.com,
Tarım Kimyasalları Ve Gübre Fuarı Antalya,2026-04-15,2026-04-17,Antalya,Gıda & Tarım,"1) B2b Faırs Fuarcılık Ticaret Limited Şirketi
2) Dlg Fuarcılık Ltd. Şti.",https://www.b2b-fairs.com,
Idex İstanbul - Uluslararası Dental Fuar Ve Konferansı,2026-04-15,2026-04-18,İstanbul,Mobilya & İç Mekan,"1) Dişsiad Kongre Ve Konferans Org. Ltd. Şti.
2) Winnow Fuarcılık Ticaret Limited Şirketi",https://www.dissiad.org,
"Ekspomed Eurasıa 33.Uluslararası İstanbul Tıbbi Analiz, Teşhis, Tedavi, Koruma Ve Rehabilitasyon,Laboratuvar,Ürün, Cihaz, Sistem, Teknoloji, Donanım Ve Hastaneler Fuarı - (Reçetesiz Ürünler Otc Sağlıklı Yaşam Ürünleri Bitkisel İlaçlar, Gıda Takviyeleri, Kişisel Bakım, Dermokozmetik, Doğal Ve Organik Ürünler Özel  Bölümü )",2026-04-15,2026-04-18,İstanbul,Gıda & Tarım,Reed Tüyap Fuarcılık Anonim Şirketi,https://www.tuyap.com.tr,
3.Şanlıurfa İnşaat Ve Yapı Dekorasyon Fuarı,2026-04-16,2026-04-19,Şanlıurfa,İş Makineleri & İnşaat,Us Fuarcılık Ve Organizasyon Ltd. Şti.,https://www.usfuar.com,
Franchise İstanbul Expo - Franchise Ve Bayilik Fuarı,2026-04-16,2026-04-19,İstanbul,Gıda & Tarım,Tüyap Tüm Fuarcılık Yapım Anonim Şirketi,https://www.tuyap.com.tr,
Modiex'26  Ankara 2. Mobilya Dekorasyon İnovasyon Ve Ev Gereçleri Fuarı,2026-04-16,2026-04-19,Ankara,Mobilya & İç Mekan,Zümrüt Fuarcılık Tan. Org. San. Ve Tic. Ltd. Şti.,https://www.zumrutfuarcilik.com.tr,
1.Bahçe Ve Pet Ürünleri Fuarı,2026-04-17,2026-04-19,İzmir,Kozmetik & Güzellik,Ulusal Fuarcılık Organizasyon Ticaret Limited Şirketi,https://www.ulusalfair.com,
4 Kaş Tarım Fuarı,2026-04-21,2026-04-23,Antalya,Gıda & Tarım,Marmaris Fuarcılık Organizasyon Halkla İlişkiler Basın Yayın Limited Şirketi,https://www.marfo.com.tr,
Karavan Show Bursa,2026-04-21,2026-04-26,Bursa,Mobilya & İç Mekan,Birleşik Fuar Yapım Anonim Şirketi,https://www.bifasfuar.com,
Aysaf 2026 Ayakkabı Yan Sanayi Fuarı,2026-04-22,2026-04-25,İstanbul,İş Makineleri & İnşaat,Cng Fuarcılık Ve Tanıtım Hizmetleri Anonim Şirketi,https://aysafexpo.com,
"Ehatech Expo,Yenilenebilir Enerji,Elektrikli Ve Hibrit Araçlar,Şarj İstasyonları Ve Batarya Teknolojileri Fuarı",2026-04-22,2026-04-26,Antalya,Otomotiv,Geoexpo Fuar Ve Medya Limited Şirketi,https://ehatech.com.tr,
Eurobıke Istanbul,2026-04-22,2026-04-25,İstanbul,Genel / Diğer,Messe Frankfurt İstanbul Uluslararası Fuarcılık Limited Şirketi,https://www.messefrankfurt.com.tr,
Motobıke Istanbul,2026-04-22,2026-04-25,İstanbul,Genel / Diğer,Messe Frankfurt İstanbul Uluslararası Fuarcılık Limited Şirketi,https://www.messefrankfurt.com.tr,
Elektrik Aydınlatma Enerji Akıllı Teknolojiler Fuarı (Eles Expo),2026-04-23,2026-04-25,İstanbul,Enerji & Çevre,Itc Fuarcılık Anonim Şirketi,https://elesexpo.com,
Rısıng Cıty & Yapı Ve Yaşam Fuarı,2026-04-23,2026-04-26,Bursa,İş Makineleri & İnşaat,Kfa Fuarcılık Anonim Şirketi,https://www.kfa.com.tr,
Rısıng Cıty Bursa Gayrimenkul Fuarı,2026-04-23,2026-04-26,Bursa,Genel / Diğer,Kfa Fuarcılık Anonim Şirketi,https://www.kfa.com.tr,
"Fastener Expo Eurasia 
Avrasya Endüstriyel Bağlantı Ve Sabitleme Elemanları Fuarı",2026-04-27,2026-04-30,İstanbul,Endüstri & Otomasyon,Reed Tüyap Fuarcılık Anonim Şirketi,https://www.tuyap.com.tr,
48. Yapı Fuarı - Turkeybuild İstanbul 2026 (Yapı Fuarı'nda Hırdavat Özel Bölümü İle),2026-04-27,2026-04-30,İstanbul,İş Makineleri & İnşaat,Ica Buıld Fuarcılık Anonim Şirketi,https://www.icaevents.com.tr,
Mast 4. İzmir Boatshow Fuarı,2026-04-29,2026-05-03,İzmir,Otomotiv,"1) İzfaş İzmir Fuarcılık Hizmetleri Kültür Ve Sanat İşleri Ticaret Anonim Şirketi
2) Ed Fuarcılık Ve Organizasyon Ltd. Şti.",https://www.izfas.com.tr,
Antalya Expohunt  Av Silah Doğa Sporları Fuarı,2026-04-30,2026-05-03,Antalya,Otomotiv,Geoexpo Fuar Ve Medya Limited Şirketi,https://expohunt.com.tr,
Naturfest Kamp Karavan Ve Doğa Sporları Fuarı,2026-04-30,2026-05-03,İstanbul,Otomotiv,Prizma Etkinlik Risk Yönetim Servis Hizmetleri Ticaret Limited Şirketi,https://www.naturfest.net,
"Saha Expo Uluslararası Savunma, Havacılık Ve Uzay Sanayi Fuarı",2026-05-05,2026-05-09,İstanbul,Savunma & Havacılık,Saha Expo Fuarcılık Hizmetleri A.Ş.,https://www.sahaexpo.com,
"Fresh Expo Antalya - Meyve,Sebze Mamulleri ,Ambalaj ,Lojistik, Depolama Ve Taze Ürün Teknolojileri",2026-05-06,2026-05-08,Antalya,Bilişim & Teknoloji,Anfaş Antalya Fuarcılık İşletme Ve Yatırım Anonim Şirketi,https://www.anfas.com.tr,
Orta Doğu Gıda Ve Gıda Teknolojileri Fuarı,2026-05-06,2026-05-08,Gaziantep,Gıda & Tarım,"1) Nobel Expo Uluslararası Fuarcılık Anonim Şirketi
2) Gsomem Gaziantep Sanayı Odası Mesleki Eğitim Danışmanlık Hizmetleri Anonim Şirketi",https://www.nobelexpo.com,
Super Yacht Show Türkiye,2026-05-06,2026-05-10,Muğla,Genel / Diğer,Memetti Denizcilik Turizm Seyahat Sanayi Ve Ticaret Limited Şirketi,https://superyachtshowturkiye.com,
Tos+H Expo 6.Türk İş Güvenliği Ve Sağlığı Fuarı,2026-05-06,2026-05-08,İstanbul,Sağlık & Medikal,Tezulaş Fuar Danışmanlık Hizmetleri Limited Şirketi,https://www.tezulas-fuar.com,
"7.Beauty İstanbul, Kozmetik, Güzellik, Kuaför, Temizlik, Private Label, Ambalaj, Hammadde Fuarı",2026-05-07,2026-05-09,İstanbul,Kozmetik & Güzellik,İpekyolu Uluslararası Fuarcılık Limited Şirketi,https://www.beauty-istanbul.com,
Bursa Energy,2026-05-07,2026-05-09,Bursa,Enerji & Çevre,Birleşik Fuar Yapım Anonim Şirketi,https://www.bifasfuar.com,
"Techmotıon - Robotlu Üretim Teknolojileri , Hareket Kontrol Sistemleri Fuarı",2026-05-07,2026-05-09,Bursa,Endüstri & Otomasyon,Birleşik Fuar Yapım Anonim Şirketi,https://www.bifasfuar.com,
"Teke Yöresi 11. Canlı Hayvan, Hayvancılık, Tarım Makineleri, Teknolojileri Ve Yem Fuarı",2026-05-07,2026-05-10,Burdur,Gıda & Tarım,Gl Platform Fuar Hizmetleri Limited Şirketi,https://www.glplatformfuar.com,
Tyba Yacht Charter Show,2026-05-07,2026-05-11,Muğla,Genel / Diğer,Ed Fuarcılık Ve Organizasyon Ltd. Şti.,https://www.tybachartershow.com,
Coffex İstanbul,2026-05-08,2026-05-10,İstanbul,Endüstri & Otomasyon,Enc Uluslararası Fuar Organizayon Hizmetleri Sanayi Ve Ticaret Limited Şirketi,https://www.coffexistanbul.com,
"World Sports İstanbul - Fitness Ekipmanları, Spor Teknolojileri, Gıda, Giyim Ve Wellness Fuarı",2026-05-08,2026-05-10,İstanbul,Gıda & Tarım,Tam Fuarcılık Ve Organizasyon Anonim Şirketi,https://www.tamfuar.com,
Eskişehir 5. Kitap Fuarı,2026-05-09,2026-05-17,Eskişehir,Eğitim,Tüyap Tüm Fuarcılık Yapım Anonim Şirketi,https://www.tuyap.com.tr,
"2. Sandıklı Tarım Hayvancılık Makinaları, Teknolojileri Ve Seracılık Fuarı",2026-05-13,2026-05-16,Afyonkarahisar,Gıda & Tarım,Başak Fuar Hizmetleri Limited Şirketi,https://www.basakfuar.com,
3. Iaaf Izmır Sanat Ve Antıka Fuarı,2026-05-13,2026-05-17,İzmir,Genel / Diğer,Demos Endüstri Fuarcılık Anonim Şirketi,https://www.iaafistanbul.com,
Artcontact İstanbul 6.Uluslararası Çağdaş Sanat Fuarı,2026-05-13,2026-05-17,İstanbul,Genel / Diğer,Atis Fuarcılık Anonim Şirketi,https://www.atisfuar.com.tr,
"Karadeniz Tarım Fuarı - 2.Ordu Tarım, Hayvancılık Ve Fındık Fuarı",2026-05-13,2026-05-16,Ordu,Gıda & Tarım,Lina Fuarcılık Hizmetleri Sanayi Ve Ticaret Limited Şirketi,https://www.linafair.com,
Electrolighting Fuarı Antalya,2026-05-15,2026-05-18,Antalya,İş Makineleri & İnşaat,Partner Fuarcılık Limited Şirketi,https://www.partnerfuar.com,
Hometex 2026 Uluslararası Ev Tekstili Fuarı,2026-05-19,2026-05-22,İstanbul,Mobilya & İç Mekan,Kfa Fuarcılık Anonim Şirketi,https://www.kfa.com.tr,
Tdk Deri Ve Kürk Moda Şov,2026-05-20,2026-05-23,Antalya,Tekstil & Moda,Tdk Fuarcılık Organizasyon Ltd. Şti.,https://www.tdkfuarcilik.com,
Automechanıka Istanbul,2026-05-21,2026-05-24,İstanbul,Otomotiv,"1) Messe Frankfurt İstanbul Uluslararası Fuarcılık Limited Şirketi
2) Hannover Faırs Turkey Fuarcılık A.Ş.",https://www.automechanika.com.tr,
"Motobiex'26 Ankara 2. Motosiklet, Bisiklet Endüstrisi Ve Aksesuarları Fuarı",2026-05-21,2026-05-24,Ankara,Endüstri & Otomasyon,Zümrüt Fuarcılık Tan. Org. San. Ve Tic. Ltd. Şti.,https://www.zumrutfuarcilik.com.tr,
13.Uluslararası İstanbul  Av Silah Ve Doğa Sporları Fuarı,2026-06-03,2026-06-06,İstanbul,Otomotiv,"1) Efem Uluslar Arası Fuar Ve Organizasyon Hizmetleri Anonim Şirketi
2) Riva Fuar Ve Organizasyon Hizmetleri Anonim Şirketi",https://www.istanbulprohunt.com,
24. Uluslararası İstanbul Perakende Fuarı,2026-06-03,2026-06-04,İstanbul,Endüstri & Otomasyon,Soysal Fuarcılık Tan. Org. Ltd.Şti.,https://www.perakendegunleri.com,
Bilecik Tarım Ve Hayvancılık Fuarı,2026-06-03,2026-06-06,Bilecik,Gıda & Tarım,Lina Fuarcılık Hizmetleri Sanayi Ve Ticaret Limited Şirketi,https://www.linafair.com,
"Komatek 2026 18. Uluslararası  İş Ve İnşaat, Makine, Teknoloji Ve Aletleri İhtisas Fuarı",2026-06-03,2026-06-06,İstanbul,İş Makineleri & İnşaat,Sada Uzmanlık Fuarları Tic. A.Ş.,https://www.komatekfuar.com,https://komatekfuar.com/en/list-of-komatek-2026-participants/
Hıghtex 2026 Uluslararası Teknik Tekstiller Ve Nonwoven  Fuarı,2026-06-09,2026-06-13,İstanbul,Tekstil & Moda,"1) Tüyap Tüm Fuarcılık Yapım Anonim Şirketi
2) Teknik Fuarcılık A.Ş.",https://www.hightex.com.tr,
Itm 2026 Uluslararası  Tekstil Makineleri Fuarı,2026-06-09,2026-06-13,İstanbul,Tekstil & Moda,"1) Tüyap Tüm Fuarcılık Yapım Anonim Şirketi
2) Teknik Fuarcılık A.Ş.",https://www.itmexhibition.com,
Wın Eurasia 2026,2026-06-10,2026-06-13,İstanbul,Endüstri & Otomasyon,Hannover Faırs Turkey Fuarcılık Anonim Şirketi,https://www.win-eurasia.com,
"Paper Eurasıa - Kağıt, Oluklu Mukavva, Hijyenik Kağıt, Matbaa, Kağıt Ambalaj Ürünleri Ve Makineleri Fuarı",2026-06-10,2026-06-12,İstanbul,Bilişim & Teknoloji,Primis Expo Uluslararası Fuarcılık Ve Ticaret Anonim Şirketi,https://www.papereurasia.com,
Worldef E-Ticaret Hizmetleri Fuarı,2026-06-11,2026-06-13,İstanbul,Bilişim & Teknoloji,Worldef Global Organizasyon Anonim Şirketi,https://www.worldef.net,
2. Afyonkarahisar Blok Mermer Fuarı,2026-06-17,2026-06-20,Afyonkarahisar,Otomotiv,Alz Grup Uluslararası Fuar Kongre Ve Danışmanlık Anonim Şirketi,https://www.alzgurp.com.tr,
Busworld Türkiye 2026,2026-06-17,2026-06-19,İstanbul,Endüstri & Otomasyon,Hkf Fuarcılık Anonim Şirketi,https://www.hkftradefairs.com,
Paıntistanbul 2026,2026-06-17,2026-06-19,İstanbul,İş Makineleri & İnşaat,Cng Fuarcılık Ve Tanıtım Hizmetleri Anonim Şirketi,https://paintistanbul.net,
Powder & Dosıng Expo 2026,2026-06-17,2026-06-19,İstanbul,Enerji & Çevre,Cng Fuarcılık Ve Tanıtım Hizmetleri Anonim Şirketi,https://powderdosingexpo.com,
"İdma 11. Uluslararası Un, Yem, İrmik, Pirinç, Mısır, Bulgur, Değirmen Makineleri Ve Bakliyat, Makarna, Bisküvi Teknolojileri  Fuarı",2026-06-25,2026-06-27,İstanbul,Bilişim & Teknoloji,İdma Uluslararası Fuar Yapım Ticaret Anonim Şirketi,https://www.idma.com.tr,
"F İstanbul Gıda İçecek Ürünleri Ve Üretim Teknolojileri; Bisküvi, Çikolata, Şekerli Ürünler Ve Üretim Teknolojileri; Kuru&Sert Kabuklu Meyveler&Atıştırmalik Ürünler Ve Üretim Teknolojileri, Gıda Ambalaj Endüstrisi Ve Katkı Maddeleri; Market Ve Mağaza Ekipmanları Fuarı",2026-07-01,2026-07-04,İstanbul,Endüstri & Otomasyon,"1) Federal Fuar Organizasyon Anonim Şirketi
2) So Fuar Anonim Şirketi",https://www.f-istanbul.com,
"Gaziantep Triko, İplik, Konfeksiyon Ve Teknolojileri Fuarı",2026-07-01,2026-07-04,Gaziantep,Tekstil & Moda,Gsomem Gaziantep Sanayı Odası Mesleki Eğitim Danışmanlık Hizmetleri Anonim Şirketi,https://www.gsomem.com.tr/,
18. Umre & Turizm Fuarı 2026,2026-07-06,2026-07-07,İstanbul,Turizm & Otelcilik,Grup Medya Fuarcılık Limited Şirketi,https://www.grupmedya.com.tr,
Umre Ve Turizm Profesyoneller Fuarı,2026-07-11,2026-07-12,İstanbul,Turizm & Otelcilik,Huıtm Fuarcılık Hizmetleri Anonim Şirketi,https://www.huitm.org,
Ankara Üniversite Tercih Fuarı,2026-07-22,2026-07-23,Ankara,Eğitim,Tercih Fuarcılık Limited Şirketi,https://www.tercihfuari.com,
Bursa Üniversite Tercih Fuarı,2026-07-22,2026-07-22,Bursa,Eğitim,Tercih Fuarcılık Limited Şirketi,https://www.tercihfuari.com,
İzmir Üniversite Tercih Fuarı,2026-07-23,2026-07-24,İzmir,Eğitim,Tercih Fuarcılık Limited Şirketi,https://www.tercihfuari.com,
Üniversite Tercih Fuarı,2026-07-24,2026-07-26,İstanbul,Eğitim,Tercih Fuarcılık Limited Şirketi,https://www.tercihfuari.com,
Gaziantep Üniversite Tercih Fuarı,2026-07-27,2026-07-27,Gaziantep,Eğitim,Tercih Fuarcılık Limited Şirketi,https://www.tercihfuari.com,
Konya Üniversite Tercih Fuarı,2026-07-28,2026-07-28,Konya,Eğitim,Tercih Fuarcılık Limited Şirketi,https://www.tercihfuari.com,
"9. Euro Animalia Trakya Avrupa Hayvancılık Süt Ve Süt Ürünleri Edüstrisi, İş Makinaları Fuarı",2026-08-10,2026-08-15,Tekirdağ,Gıda & Tarım,Renkli Fuarcılık Ltd. Şti.,https://www.renklyfuar.com,
Çorlu 19.Tarımtech Trakya Avrupa Hayvancılık Sanayi Ve Gıda Fuarı,2026-08-10,2026-08-15,Tekirdağ,Gıda & Tarım,Renkli Fuarcılık Ltd. Şti.,https://www.renklyfuar.com,
Ifco İstanbul Fashion Connection Hazır Giyim Ve Moda Fuarı,2026-08-19,2026-08-21,İstanbul,Tekstil & Moda,İtkib Fuarcılık Anonim Şirketi,https://www.ifco.com.tr,
"F İstanbul Gıda İçecek Ürünleri Ve Üretim Teknolojileri; Bisküvi, Çikolata, Şekerli Ürünler Ve Üretim Teknolojileri; Kuru & Sert Kabuklu Meyveler & Atıştırmalik Ürünler Ve Üretim Teknolojileri, Gıda Ambalaj Endüstrisi Ve Katkı Maddeleri; Market Ve Mağaza Ekipmanları Fuarı",2026-08-26,2026-08-29,İstanbul,Endüstri & Otomasyon,"1) Federal Fuar Organizasyon Anonim Şirketi
2) So Fuar Anonim Şirketi",https://www.f-istanbul.com,
"Yozgat 16.Tarım, Gıda Ve Hayvancılık Fuarı",2026-08-27,2026-08-30,Yozgat,Endüstri & Otomasyon,Kobi Fuarcılık Tanıtım Ve Organizasyon Limited Şirketi,https://www.kobifuarcilik.com,
İnşaat Endüstrisi İhracat Fuarı - Cf İstanbul,2026-08-27,2026-08-29,İstanbul,Endüstri & Otomasyon,"1) Federal Fuar Organizasyon Anonim Şirketi
2) So Fuar Anonim Şirketi",https://www.cfistanbul.com,
95. İzmir Enternasyonal Fuarı,2026-08-28,2026-09-09,İzmir,Otomotiv,İzfaş İzmir Fuarcılık Hizmetleri Kültür Ve Sanat İşleri Ticaret Anonim Şirketi,https://www.izfas.com.tr,
Tarım Ve Teknoloji Günleri,2026-09-01,2026-09-05,Tekirdağ,Gıda & Tarım,Dlg Fuarcılık Limited Şirketi,https://www.dlgfuarcilik.com,
"Foodıst 2026  Yaş Sebze Meyve, Gıda Ürünleri, Su Ürünleri Balıkçılık, Depolama, Lojistik Fuarı",2026-09-01,2026-09-04,İstanbul,Gıda & Tarım,Tüyap Tüm Fuarcılık Yapım Anonim Şirketi,https://www.tuyap.com.tr,
"Eskişehir Tarım Fuarı  7. Tarım, Hayvancılık Ve Teknolojileri Fuarı",2026-09-01,2026-09-05,Eskişehir,Gıda & Tarım,Tüyap Tüm Fuarcılık Yapım Anonim Şirketi,https://www.tuyap.com.tr,
Comvex  -  Ticari Araçlar  Ve  Yan Sanayileri Fuarı,2026-09-01,2026-09-04,İstanbul,Otomotiv,Tüyap Tüm Fuarcılık Yapım Anonim Şirketi,https://www.tuyap.com.tr,
"Foodist  2026  İstanbul Gıda Ve İçecek Ürünleri, Su Ürünleri, Yaş Meyve Ve Sebze Fuarı",2026-09-01,2026-09-04,İstanbul,Gıda & Tarım,Tüyap Tüm Fuarcılık Yapım Anonim Şirketi,https://www.tuyap.com.tr,
"Beauty Eurasia 2026 - 21. Uluslararası Kozmetik, Güzellik, Kuaför, Ambalaj, Hammadde, Hijyen Ve Private Label Fuarı",2026-09-02,2026-09-04,İstanbul,Kozmetik & Güzellik,"1) Ica Beauty Fuarcılık Anonim Şirketi
2) Ica Fuarcılık A.Ş.",https://www.beautyeurasia.com,
"Akşehir Tarım, Hayvancılık Ve Yem Fuarı",2026-09-03,2026-09-06,Konya,Gıda & Tarım,Lina Fuarcılık Hizmetleri Sanayi Ve Ticaret Limited Şirketi,https://www.linafair.com,
"Texhibition İstanbul Kumaş, Denim, Tekstil Aksesuarları Ve İplik Fuarı",2026-09-09,2026-09-11,İstanbul,Tekstil & Moda,İtkib Fuarcılık Anonim Şirketi,https://wwwtexhibitionist.com,
Zuchex 36. Uluslararası Ev Ve Mutfak Eşyaları Fuarı,2026-09-09,2026-09-12,İstanbul,Mobilya & İç Mekan,Informa Fuarcılık Anonim Şirketi,https://www.zuchex.com,
Promosyon Show İstanbul Fuarı,2026-09-09,2026-09-12,İstanbul,Tekstil & Moda,Promo Fuarcılık Ticaret Limited Şirketi,https://www.promosyonshow.com,
Aff - Üretim Tesisleri Tedarik Fuarı,2026-09-09,2026-09-12,Gaziantep,Endüstri & Otomasyon,"1) Nobel Expo Uluslararası Fuarcılık Anonim Şirketi
2) Gsomem Gaziantep Sanayı Odası Mesleki Eğitim Danışmanlık Hizmetleri Anonim Şirketi",https://www.nobelexpo.com,
Gaziantep Enerji Ve İklimlendirme Fuarı,2026-09-09,2026-09-12,Gaziantep,Enerji & Çevre,"1) Nobel Expo Uluslararası Fuarcılık Anonim Şirketi
2) Gsomem Gaziantep Sanayı Odası Mesleki Eğitim Danışmanlık Hizmetleri Anonim Şirketi",https://www.nobelexpo.com,
"17. Perakende Zirvesi 2026, Yerel Zincirler Buluşuyor Fuarı",2026-09-09,2026-09-10,İstanbul,Genel / Diğer,Focus Fuar Ve Kongre Yönetimi Anonim Şirketi,https://www.yzb.focusfairs.com,
Kapex Kapı Fuarı,2026-09-09,2026-09-12,Kayseri,Genel / Diğer,Nobel Expo Uluslararası Fuarcılık Anonim Şirketi,https://www.nobelexpo.com,
Electricity Eurasia - Elektrik Ve Elektrik Ekipmanları Fuarı,2026-09-16,2026-09-18,İstanbul,Endüstri & Otomasyon,Sektörel Fuarcılık A.Ş.,https://www.electricityeurasia.com,
Ibıa Expo - 5. Uluslararası Yatak Yan Sanayi Ve Teknolojileri Fuarı,2026-09-16,2026-09-19,İstanbul,Mobilya & İç Mekan,Birleşik Fuar Yapım Anonim Şirketi,https://www.bifasfuar.com,
Iccı - Uluslararası Enerji Ve Çevre Fuarı Ve Konferansı,2026-09-16,2026-09-18,İstanbul,Endüstri & Otomasyon,Sektörel Fuarcılık A.Ş.,https://www.icci.com.tr,
"Metal Expo Eurasıa İstanbul – 8. Uluslararası Demir, Demir Dışı Metaller, Çelik, Boru, Profil, Paslanmaz Çelik, Alaşımlı Metal Dövme Teknolojileri Ve Ürünleri Fuarı.",2026-09-16,2026-09-19,İstanbul,Bilişim & Teknoloji,Sky Fuarcılık Anonim Şirketi,https://www.metalexpo.com.tr,
"Intermob 2026    28.Uluslararası Mobilya Yan Sanayi, Aksesuarları Orman Ürünleri Ve Ahşap Teknolojisi Fuarı",2026-09-17,2026-09-20,İstanbul,Mobilya & İç Mekan,Reed Tüyap Fuarcılık Anonim Şirketi,https://www.tuyap.com.tr,
"Uşak 11. Ege Tarım Ve Hayvancılık, Süt Teknolojileri, Çiftlik Ekipmanları, Tarım Makineleri, Sera Teknolojileri Fuarı",2026-09-17,2026-09-20,Uşak,Gıda & Tarım,Gl Platform Fuar Hizmetleri Limited Şirketi,https://www.glplatformfuar.com,
Vı.Marmaraka  Kamp Karavan Ve Doğa Sporları Fuarı,2026-09-17,2026-09-20,İstanbul,Genel / Diğer,Anadolu Ekspo Fuar Ticaret Limited Şirketi,https://www.anadoluekspo.com,
"İnterfresh Eurasia / Interfood Eurasia Meyve,Sebze,Gıda,Gıda Ürünleri ,Gıda Teknolojileri Ambalaj,Tarım Teknolojileri,Depolama Ve   Lojistik Fuarı",2026-09-17,2026-09-19,İzmir,Gıda & Tarım,Antexpo Fuarcılık Hizmetleri Anonim Şirketi,https://www.euroasiainterfresh.com,
Vitahealth Sağlık Turizm Fuarı,2026-09-21,2026-09-26,İstanbul,Sağlık & Medikal,Bt Turizm Organizasyon Ve Fuarcılık Sanayi Ticaret Limited Şirketi,https://www.vitahealthfair.com,
Vitahealth Fuarı,2026-09-21,2026-09-26,İstanbul,Gıda & Tarım,Bt Turizm Organizasyon Ve Fuarcılık Sanayi Ticaret Limited Şirketi,https://www.vitahealthfair.com,
Müsiad Expo 2026 Uluslararası Müsiad Ticaret Fuarı,2026-09-23,2026-09-26,İstanbul,Gıda & Tarım,Müstakil Fuarcılık Anonim Şirketi,https://www.musiadexpo.com,
"Gaziantep İnşaat, Yapı, Dekorasyon Ve Teknolojileri Fuarı",2026-09-23,2026-09-26,Gaziantep,İş Makineleri & İnşaat,Gsomem Gaziantep Sanayı Odası Mesleki Eğitim Danışmanlık Hizmetleri Anonim Şirketi,https://www.gsomem.com.tr,
Aymod Uluslararası Ayakkabı Moda Fuarı,2026-09-23,2026-09-26,İstanbul,Tekstil & Moda,Tasd Fuarcılık A.Ş.,https://www.aymod.com,
"7.Anfaş Fresh Antalya - Sebze, Meyve, Arıcılık, Ambalaj, Lojistik, Depolama Ve Taze Ürün Teknolojileri",2026-09-24,2026-09-26,Antalya,Gıda & Tarım,Anfaş Antalya Fuarcılık İşletme Ve Yatırım Anonim Şirketi,https://www.anfas.com.tr,
"Dinar Tarım Hayvancılık Makinaları, Teknolojileri Ve Yem Fuarı",2026-09-24,2026-09-27,Afyonkarahisar,Gıda & Tarım,Başak Fuar Hizmetleri Limited Şirketi,https://www.basakfuar.com,
Fdı Furnıshıngs And Desıgn Istanbul (Mobilya Tasarım Fuarı),2026-09-24,2026-09-26,İstanbul,Mobilya & İç Mekan,Mos Fuarcılık Anonim Şirketi,https://www.fdistanbul.com,
Future Fısh Eurasıa,2026-09-24,2026-09-26,İzmir,Lojistik & Taşımacılık,Avrasya Fuarcılık Tanıtım Organizasyon Hizmetleri Limited Şirketi,https://www.future-fish.com,
Iv.Expo Sport Uluslararası Spor Fuarı,2026-09-24,2026-09-27,İzmir,Sağlık & Medikal,Exposport Fuarcılık Anonim Şirketi,https://www.expo-sport.com,
İstanbul Turizm Fuarı,2026-09-24,2026-09-25,İstanbul,Turizm & Otelcilik,Dream Project Organizasyon Fuarcılık Ve Ticaret Anonim Şirketi,https://www.istanbulturizmfuari.com.tr,
Diyarbakır 10. Kitap Fuarı,2026-09-26,2026-10-04,Diyarbakır,Eğitim,Tüyap Tüm Fuarcılık Yapım Anonim Şirketi,https://www.tuyap.com.tr,
Qs Discover Master Fuarı,2026-09-26,2026-09-26,İstanbul,Eğitim,Study Expo Fuarcılık A.Ş.,https://www.qs.topuniversities.com/tr/events/masters/istanbul,
İngiltere Eğitim Günleri Fuarı,2026-09-26,2026-09-26,Ankara,Eğitim,Edukas Yurtdışı Eğitim Danışmanlık Ticaret Limited Şirketi,https://www.educationukdays.com,
"Maktek Avrasya 2026 -  9. Uluslararası Takım Tezgahları, Metal Sac İşleme Makineleri, Tutucular -Kesici Takımlar, Kalite Kontrol, Ölçüm Sistemleri, Cad/Cam, Plm, Yazılımları, Ve Üretim Teknolojileri Fuarı",2026-09-28,2026-10-03,İstanbul,Endüstri & Otomasyon,Tüyap Tüm Fuarcılık Yapım Anonim Şirketi,https://www.tuyap.com.tr,
Atech,2026-09-30,2026-10-03,İstanbul,Enerji & Çevre,Artı 2 Fuarcılık Limited Şirketi,https://www.atechfuari.com,
"Ijs - İstanbul Jewelry Show 60. İstanbul Uluslararası Mücevher, Altın, Gümüş, Değerli Taş Ve Teknolojileri Fuarı",2026-09-30,2026-10-03,İstanbul,Mobilya & İç Mekan,Informa Fuarcılık Anonim Şirketi,https://www.istanbuljewelryshow.com,
İgef'26 - 3.İç Güvenlik Ekipmanları Fuarı,2026-10-01,2026-10-03,Ankara,Otomotiv,Expolınk Fuarcılık Hizmetleri Ticaret Anonim Şirketi,https://www.igef.com.tr,
Komtrans Ticari Araçlar Fuarı,2026-10-01,2026-10-03,Bursa,Otomotiv,Kfa Fuarcılık Anonim Şirketi,https://www.kfa.com.tr,
4. Oyfest Oyuncak Ve Çocuk Gereçleri Fuarı,2026-10-01,2026-10-03,Antalya,Otomotiv,Oyfest Fuarcılık Ve Organizasyon Limited Şirketi,https://oyfest.com.tr,
Craftistanbul 7.Uluslararası Yöresel Ve Geleneksel El Sanatları Fuarı,2026-10-01,2026-10-04,İstanbul,Genel / Diğer,Atis Fuarcılık Anonim Şirketi,https://www.craftfairistanbul.com,
Studyexpo Yurtdışı Eğitim Fuarı,2026-10-03,2026-10-03,İstanbul,Eğitim,Study Expo Fuarcılık A.Ş.,https://www.studyexpo.com,
İngiltere Eğitim Günleri Fuarı,2026-10-03,2026-10-03,İstanbul,Eğitim,Edukas Yurtdışı Eğitim Danışmanlık Ticaret Limited Şirketi,https://www.educationukdays.com,
Avrasya Teknoloji Haftası,2026-10-07,2026-10-09,İstanbul,Bilişim & Teknoloji,Gen Uluslararası Fuarcılık Anonim Şirketi,https://www.etwistanbul.com,
3. Motta Ege Motorlu Taşıtlar Fuarı,2026-10-07,2026-10-11,Denizli,Otomotiv,Orion Fuarcılık Ve Tanıtım Hizmetleri Anonim Şirketi,https://www.mottashow.com,
5. Peyzaj İstanbul Fuarı 2026,2026-10-07,2026-10-10,İstanbul,Genel / Diğer,Athena Fuarcılık Anonim Şirketi,https://www.peyzajistanbulfuari.com.tr,
6. Uluslararası Mobısad Imex Fuarı,2026-10-07,2026-10-10,İstanbul,Bilişim & Teknoloji,Marmara Tanıtım Fuarcılık Organizasyon Reklam Ve Ticaret Anonim Şirketi,https://www.marmarafuar.com.tr,
Anamob Anadolu Mobilya,2026-10-07,2026-10-11,Kayseri,Mobilya & İç Mekan,Nobel Expo Uluslararası Fuarcılık Anonim Şirketi,https://www.nobelanamob.com,
Data Center Eurasia,2026-10-07,2026-10-10,İstanbul,İş Makineleri & İnşaat,Marmara Tanıtım Fuarcılık Organizasyon Reklam Ve Ticaret Anonim Şirketi,https://www.datacentereurasia.com,
"Isaf International Fuarı - 30.Uluslararası Güvenlik, Ülke Güvenliği, Siber Güvenlik, Yangın, İsg Fuarı",2026-10-07,2026-10-10,İstanbul,Enerji & Çevre,Marmara Tanıtım Fuarcılık Organizasyon Reklam Ve Ticaret Anonim Şirketi,https://www.marmarafuar.com.tr,
"Isaf Smartex Fuarı - 15.Uluslararası Akıllı Şehirler, Binalar, Ulaşım, Yönetim Ve Yaşam Fuarı",2026-10-07,2026-10-10,İstanbul,Bilişim & Teknoloji,Marmara Tanıtım Fuarcılık Organizasyon Reklam Ve Ticaret Anonim Şirketi,https://www.marmarafuar.com.tr,
"Logistech ""5. Lojistik, Depolama Ve Teknolojileri Fuarı""",2026-10-07,2026-10-09,İzmir,Bilişim & Teknoloji,İzfaş İzmir Fuarcılık Hizmetleri Kültür Ve Sanat İşleri Ticaret Anonim Şirketi,https://www.izfas.com.tr,
Mobidictum Conference 2026,2026-10-07,2026-10-08,İstanbul,Genel / Diğer,Mobıdıctum Medya Anonim Şirketi,https://www.mobidictum.com,
Petzoo Eurasia 12. Uluslararası Evcil Hayvan Ürün Malzeme Ve Aksesuar Tedarikçileri Fuarı,2026-10-07,2026-10-10,İstanbul,Genel / Diğer,Ulusal Fuarcılık Organizasyon Ticaret Limited Şirketi,https://www.ulusalfair.com,
Nobel Çukurova Mobilya Fuarı,2026-10-09,2026-10-13,Adana,Mobilya & İç Mekan,Nobel Expo Uluslararası Fuarcılık Anonim Şirketi,https://www.nobelexpo.com,
Şanlıurfa Gıda Yöresel Ürünler Hediyelik Eşya Ve El Sanatları Fuarı,2026-10-09,2026-10-18,Şanlıurfa,Gıda & Tarım,Medyatrend Fuarcılık Sanayi Ve Ticaret Limited Şirketi,https://www.medyatrend.com.tr,
Vef Yurt Dışı Eğitim Fuarı,2026-10-12,2026-10-12,İzmir,Eğitim,Endless Grup Eğitim Bilişim Anonim Şirketi,https://www.endlessg.com,
(Modef Expo 2026) 55.Uluslararası Mobilya Ve Dekorasyon Fuarı,2026-10-13,2026-10-17,Bursa,Mobilya & İç Mekan,Modef Fuarcılık Ticaret Limited Şirketi,https://www.modef.com.tr,
"Avrasya Ambalaj 2026- İstanbul 31.Uluslararası Ambalaj Endüstrisi Fuarı (Printpack&Converting-Ambalaj Baskı Teknolojileri, Oluklu Mukavva-Kağıt-Karton Ambalaj Üretim Teknolojileri Özel Bölümü) /Foodtech Eurasia Gıda İçecek Üretim Ve İşleme Teknolojileri Özel Bölümü",2026-10-13,2026-10-16,İstanbul,Endüstri & Otomasyon,Reed Tüyap Fuarcılık Anonim Şirketi,https://www.tuyap.com.tr,
"Agrogreen Bursa 2. Tarım, Hayvancılık, Süt, Sera Teknolojileri, Tohum Fide Fidan Ve Canlı Hayvan Fuarı",2026-10-14,2026-10-17,Bursa,Gıda & Tarım,Gl Platform Fuar Hizmetleri Limited Şirketi,https://www.agrogreenfairbursa.com,
"Ibaktech 15. Uluslararası Ekmek, Pasta Makinalari, Dondurma, Çikolata Ve Teknolojileri Fuarı",2026-10-14,2026-10-17,İstanbul,Bilişim & Teknoloji,Messe Stuttgart Ares Fuarcılık Limited Şirketi,https://www.messe-stuttgart.com.tr,
Savunma Ve Havacılıkta Endüstriyel İşbirliği Günleri Ve Fuarı,2026-10-14,2026-10-16,Ankara,Endüstri & Otomasyon,Ostim Proje Ve Teknoloji Gelişim Eğitim Danışmanlık Hizmetleri Anonim Şirketi,https://www.icdda.com.tr,
12. Magrotex'26 Uluslararası Mardin Tarım Ekipmanları Gıda Ve Hayvancılık Fuarı,2026-10-15,2026-10-18,Mardin,Endüstri & Otomasyon,Zümrüt Fuarcılık Tan. Org. San. Ve Tic. Ltd. Şti.,https://www.zumrutfuarcilik.com.tr,
Bayim Olur Musun? 24. Franchising Ve Markalı Bayilik Fuarı,2026-10-15,2026-10-18,İstanbul,Gıda & Tarım,Medya Fors Fuarcılık Anonim Şirketi,https://www.medyafors.com,
"4. Çivril Tarım, Hayvancılık Makinaları Teknolojileri Ve Yem Fuarı",2026-10-17,2026-10-20,Denizli,Gıda & Tarım,Başak Fuar Hizmetleri Limited Şirketi,https://www.basakfuar.com,
Akare Yurtdışı Eğitim Fuarları,2026-10-17,2026-10-18,İstanbul,Eğitim,Akare Fuarcılık Anonim Şirketi,https://www.akare.com.tr,
Bosphorus Boat Show,2026-10-17,2026-10-25,İstanbul,Genel / Diğer,Yated Fuarcılık Anonim Şirketi,https://bosphorusboatshow.com,
Ieft Yurt Dışı Eğitim Fuar Ve Seminerleri,2026-10-18,2026-10-18,Ankara,Eğitim,İstanbul Eğitim Fuarları Ve Tanıtım Limited Şirketi,https://www.ieft.net,
Artnouva  3.Sanat Fuarı,2026-10-21,2026-10-25,Ankara,Genel / Diğer,Atis Fuarcılık Anonim Şirketi,https://www.artnovafair.com,
Nobel Master Shoes - Ayakkabı & Çanta Moda Fuarı,2026-10-21,2026-10-24,Konya,Tekstil & Moda,Nobel Expo Uluslararası Fuarcılık Anonim Şirketi,https://www.nobelexpo.com,
Turkcomposıte  2026 Kompozit Sanayi Fuarı,2026-10-21,2026-10-23,İstanbul,Bilişim & Teknoloji,Cng Fuarcılık Ve Tanıtım Hizmetleri Anonim Şirketi,https://turkcomposite.com,
"Woodtech 2026 - 39.Uluslararası Ağaç İşleme Makineleri, Kesici Takımlar, El Aletleri Fuarı",2026-10-22,2026-10-25,İstanbul,Mobilya & İç Mekan,Reed Tüyap Fuarcılık Anonim Şirketi,https://www.tuyap.com.tr,
"Maden-Tek 2026, Maden Endüstrisi Teknoloji Günleri",2026-10-22,2026-10-24,Ankara,Endüstri & Otomasyon,Mayeb Basın Yayın İnsan Kaynakları Eğitim Danışmanlık İnceleme Araştırma Pazarlama İthalat İhracat Sanayi Ve Ticaret Limited Şirketi,https://www.maden-tek.com,
Bursa Food Poınt Gıda Ürünleri Ve Teknolojileri Fuarı,2026-10-22,2026-10-24,Bursa,Gıda & Tarım,Kfa Fuarcılık Anonim Şirketi,https://www.kfa.com.tr,
"Ankiros 17. Uluslararası Demir-Çelik, Döküm, Demirdışı Metalürji Teknolojileri, Makine Ve Ürünleri İhtisas Fuarı",2026-10-22,2026-10-24,İstanbul,Bilişim & Teknoloji,Hannover Messe Ankiros Fuarcılık Anonim Şirketi,https://www.hmankiros.com,
Ibıa Expo - 6. Uluslararası Yatak Yan Sanayi Ve Teknolojileri Fuarı,2026-10-28,2026-10-31,İstanbul,Mobilya & İç Mekan,Birleşik Fuar Yapım Anonim Şirketi,https://www.bifasfuar.com,
İstanbul Maraton Ve Spor Fuarı,2026-10-29,2026-10-31,İstanbul,Genel / Diğer,Thor Expo Fuarcılık Hizmetleri Anonim Şirketi,https://www.thorajans.com,
"Promogıft Istanbul 2026, Kurumsal Tanıtım Ve Reklam Ürünleri Fuarı",2026-10-31,2026-11-03,İstanbul,Bilişim & Teknoloji,Informa Fuarcılık Anonim Şirketi,https://www.promogiftistanbul.com,
Sıgn İstanbul 27. Uluslararası Endüstriyel Reklam Ve Dijital Baskı Teknolojileri Fuarı,2026-10-31,2026-11-03,İstanbul,Endüstri & Otomasyon,Informa Fuarcılık Anonim Şirketi,https://www.signistanbul.com,
"Unıcera - İstanbul Seramik, Banyo, Mutfak Fuarı",2026-11-02,2026-11-06,İstanbul,Mobilya & İç Mekan,Unicera Uluslararası Fuarcılık Anonim Şirketi,https://www.unicera.com.tr,
"Adana Tarım – Sera&Bahçe Fuarı   19. Tarım, Sera-Bahçe, Hayvancılık, Tavukçuluk Ve Süt Endüstrisi Fuarı",2026-11-03,2026-11-07,Adana,Endüstri & Otomasyon,Tüyap Tüm Fuarcılık Yapım Anonim Şirketi,https://www.tuyapadana@tuyap.com.tr,
2. Motta İzmir Motorlu Taşıtlar Fuarı,2026-11-04,2026-11-08,İzmir,Otomotiv,Orion Fuarcılık Ve Tanıtım Hizmetleri Anonim Şirketi,https://www.mottashow.com,
Kalite Ankara 2026,2026-11-04,2026-11-07,Ankara,Endüstri & Otomasyon,Kalite Fuar Yapım Anonim Şirketi,https://www.kalitefuarcilik.com,
Sakarya 8. Tarım Hayvancılık Makineleri Teknolojileri Ve Yem Fuarı,2026-11-05,2026-11-08,Sakarya,Gıda & Tarım,Gl Platform Fuar Hizmetleri Limited Şirketi,https://www.glplatformfuar.com,
"Hostech By Tusıd  İstanbul Uluslararası  Otel, Restoran, Kafe Gastronomi, Unlu Mamuller Ve Teknolojileri Fuarı",2026-11-10,2026-11-14,İstanbul,Endüstri & Otomasyon,Tüyap Tüm Fuarcılık Yapım Anonim Şirketi,https://www.tuyap.com.tr,
5. Ev Charge Show - Elektrikli Araç Şarj Teknolojileri Ve Ekipmanları Fuarı,2026-11-11,2026-11-13,İstanbul,Otomotiv,Voli Fuar Hizmetleri Anonim Şirketi,https://www.voli.com.tr,
Aysaf 2026 Ayakkabı Yan Sanayi Fuarı,2026-11-11,2026-11-14,İstanbul,İş Makineleri & İnşaat,Cng Fuarcılık Ve Tanıtım Hizmetleri Anonim Şirketi,https://aysafexpo.com,
Uluslararası Logitrans Transport Lojistik Fuarı,2026-11-11,2026-11-13,İstanbul,Otomotiv,Eko Mmı Fuarcılık Limited Şirketi,https://www.logitrans.istanbul.com,
Konya 2. Kitap Fuarı,2026-11-14,2026-11-22,Konya,Eğitim,Tüyap Konya Fuarcılık Anonim Şirketi,https://www.tuyap.com.tr,
Trend Ev Fuarı,2026-11-15,2026-11-18,Antalya,Mobilya & İç Mekan,Partner Fuarcılık Limited Şirketi,https://www.partnerfuar.com,
10. Uluslararası İstanbul Hırdavat Fuarı,2026-11-18,2026-11-21,İstanbul,Bilişim & Teknoloji,Voli Fuar Hizmetleri Anonim Şirketi,https://www.voli.com.tr,
Uluslararası Sılmo Istanbul Optık Fuarı,2026-11-18,2026-11-21,İstanbul,Endüstri & Otomasyon,24Saat Fuarcılık Anonim Şirketi,https://www.24saatfuarcilik.com,
"Anatex Anadolu Döşemelik Kumaş, Deri Ve Üretim Teknolojileri",2026-11-19,2026-11-22,Kayseri,Tekstil & Moda,Nobel Expo Uluslararası Fuarcılık Anonim Şirketi,https://www.nobelanatex.com,
Lıght+Intellıgent Buıldıng Istanbul,2026-11-19,2026-11-21,İstanbul,Endüstri & Otomasyon,Messe Frankfurt İstanbul Uluslararası Fuarcılık Limited Şirketi,https://tr.messefrankfurt.com,
Travel Expo Ankara 9. Uluslararası Turizm Ve Seyahat Fuarı,2026-11-19,2026-11-21,Ankara,Otomotiv,Atis Fuarcılık Anonim Şirketi,https://www.atisfuar.com,
"Yanexpo Ahşap, Metal, Plastik Üretim Yan Sanayileri Teknolojileri Ve Aksesuarları Fuarı",2026-11-19,2026-11-22,Kayseri,Mobilya & İç Mekan,Nobel Expo Uluslararası Fuarcılık Anonim Şirketi,https://www.nobelyanexpo.com,
"Avrasya Cam 2026 - 16. Uluslararası Cam Ürünleri Ve Uygulamaları, Üretim-İşleme Teknolojileri Ve Makineleri, Tamamlayıcı Ürün Ve Kimyasalları Fuarı",2026-11-21,2026-11-24,İstanbul,Endüstri & Otomasyon,Reed Tüyap Fuarcılık Anonim Şirketi,https://www.tuyap.com.tr,
"Avrasya Pencere& Avrasya Kapı 2026 - 27. Uluslararası Pencere, Kapı, Panjur, Cephe Sistemleri Ve Aksesuarları, Profil Üretim Teknolojileri Ve Makineleri, Yalıtım Malzemeleri, Hammadde Ve Tamamlayıcı Ürünler Fuarı(Alüminyum Profil, Cephe Sistemleri Ve Aksesuarları Özel Bölümü /Gölgelendirme, Koruma Ve Kapatma Sistemleri Özel Bölümü/Kapı, Kepenk, Geçiş Kontrol Sistemleri, Kilit Ve Aksesuarı  Özel Bölümü )",2026-11-21,2026-11-24,İstanbul,Bilişim & Teknoloji,Reed Tüyap Fuarcılık Anonim Şirketi,https://www.tuyap.com.tr,
"Growtech. Antalya 2026, 25.Uluslararası Sera, Tarım Teknolojileri Ve Hayvancılık Ekipmanları Fuarı",2026-11-24,2026-11-27,Antalya,Gıda & Tarım,Informa Fuarcılık Anonim Şirketi,https://www.growtech.com.tr,
Uluslararası Helal Ekspo / Dünya Helal Zirvesi,2026-11-25,2026-11-28,İstanbul,Gıda & Tarım,Discover Events Fuar Ve Organizasyon Limited Şirketi,https://www.discoverevents.com,
Prıvate Label Expo,2026-11-25,2026-11-28,İstanbul,Gıda & Tarım,Discover Events Fuar Ve Organizasyon Limited Şirketi,https://discoverevents.com.tr,
Nov Naturel Organıc Vegan Ürünler Ve Hizmetler Fuarı,2026-11-25,2026-11-28,İstanbul,Gıda & Tarım,Discover Events Fuar Ve Organizasyon Limited Şirketi,https://aselexpo.com,
Sefpex-Seafood And Processing Expo,2026-11-25,2026-11-28,İstanbul,Gıda & Tarım,Discover Events Fuar Ve Organizasyon Limited Şirketi,https://discoverevents.com.tr,
Egpex Eurasia Emlak Fuarı,2026-11-25,2026-11-28,İstanbul,Genel / Diğer,Discover Events Fuar Ve Organizasyon Limited Şirketi,https://www.aselexpo.com,
7.Interdye & Textıle Prıntıng Eurasıa,2026-11-25,2026-11-27,İstanbul,Endüstri & Otomasyon,Artkim Fuarcılık Ticaret Anonim Şirketi,https://www.artkim.com.tr,
11 .Turkchem Eurasıa Uluslararası Kimya Sanayi Fuarı,2026-11-25,2026-11-27,İstanbul,Endüstri & Otomasyon,Artkim Fuarcılık Ticaret Anonim Şirketi,https://www.artkim.com.tr,
Ethexpo Eurasia Turizm Ve Sağlık Fuarı,2026-11-25,2026-11-28,İstanbul,Sağlık & Medikal,Discover Events Fuar Ve Organizasyon Limited Şirketi,https://www.aselexpo.com,
Tedarikçi Buluşması Fuarı,2026-11-26,2026-11-29,İstanbul,Gıda & Tarım,İstanbul Restate Fuar Organizasyon Anonim Şirketi,https://www.istanbulrestate.com,
"İstanbul Filtre Endüstrisi, Teknolojileri Ve Yan Sanayi Fuarı",2026-11-26,2026-11-28,İstanbul,Endüstri & Otomasyon,B2b Faırs Fuarcılık Ticaret Limited Şirketi,https://www.iftexhibition.com,
Hoteltech Antalya - Otel Teknik Ekipman Ve Malzemeleri İhtisas Fuarı,2026-11-27,2026-11-29,Antalya,İş Makineleri & İnşaat,Plan T İthalat İhracat Fuarcılık Sanayi Ve Ticaret Limited Şirketi,https://www.hoteltechantalya.com,
"Gafshoes 38. Uluslararası Ayakkabı, Terlik Ve Yan Sanayi Yaz Fuarı",2026-12-01,2026-12-04,Gaziantep,Genel / Diğer,Akort Tanıtım Organizasyon Ve Fuarcılık Limited Şirketi,https://www.akort.com,
Souvenır Expo Türkiye Turistik Hediyelik Ve Hatıra Eşya Fuarı,2026-12-02,2026-12-05,İstanbul,Genel / Diğer,Rota Exhibitions Turkey Fuarcılık A.Ş.,https://www.rotaexhibitions.com.tr,
Plast  Eurasia  İstanbul    35.Uluslararası  Plastik Endüstrisi Fuarı,2026-12-02,2026-12-05,İstanbul,Endüstri & Otomasyon,Tüyap Tüm Fuarcılık Yapım Anonim Şirketi,https://www.tuyap.com.tr,
Meexx Makine Ve Teknolojileri Fuarı,2026-12-02,2026-12-05,Bursa,Endüstri & Otomasyon,Kfa Fuarcılık Anonim Şirketi,https://www.kfa.com.tr,
"Cbme Türkiye, 44.Uluslararası İstanbul Anne Bebek Çocuk Ürünleri Fuarı",2026-12-02,2026-12-05,İstanbul,Otomotiv,Informa Fuarcılık Anonim Şirketi,https://www.cbmeturkiye.com,
7. İaaf İstanbul Sanat Ve Antika Fuarı,2026-12-03,2026-12-06,İstanbul,Eğitim,Demos Endüstri Fuarcılık Anonim Şirketi,https://www.demosfuar.com.tr,
İstanbul Yerel Marketler Buluşması Ve Fuarı,2026-12-09,2026-12-10,İstanbul,Gıda & Tarım,Focus Fuar Ve Kongre Yönetimi Anonim Şirketi,https://www.focusfairs.com,
Tdk Deri Ve Kürk Moda Şov,2026-12-10,2026-12-13,Antalya,Tekstil & Moda,Tdk Fuarcılık Organizasyon Ltd. Şti.,https://www.tdkfuarcilik.com,
"Yenikapı Boat Show, 4.Deniz Araçları Ekipmanları Ve Aksesuarları Fuarı",2026-12-12,2026-12-20,İstanbul,Otomotiv,Artı Fuarcılık Organizasyon Limited Şirketi,https://www.artifuar.com,
İstanbul 43. Uluslararası  Kitap Fuarı,2026-12-12,2026-12-20,İstanbul,Eğitim,Tüyap Tüm Fuarcılık Yapım Anonim Şirketi,https://www.tuyap.com.tr,
Worldfood İstanbul 2026 - 34. Uluslararası Gıda Ürünleri Teknolojileri Fuarı,2026-12-15,2026-12-18,İstanbul,Gıda & Tarım,Ica Fuarcılık Anonim Şirketi,https://www.icaevents.com.tr,
"Gaziantep Penye, Tekstil, Hazır Giyim, Aksesuarları, Kumaş Ve Yan Sanayileri Fuarı",2026-12-16,2026-12-19,Gaziantep,Mobilya & İç Mekan,Gsomem Gaziantep Sanayı Odası Mesleki Eğitim Danışmanlık Hizmetleri Anonim Şirketi,https://www.gsomem.com.tr/,
